identity_a,identity_b,shared_frames,median_inliers,same_animal
cattle_1900,cattle_6282,7,2.5,False
cattle_1900,cattle_6283,5,40.0,True
cattle_2000,cattle_2100,4,138.0,True
cattle_2000,cattle_8094,8,4.5,False
cattle_2000,cattle_8095,8,40.0,True
cattle_2740,cattle_3802,8,2.0,False
cattle_3400,cattle_3420,4,2.0,False
cattle_4208,cattle_4339,18,2.0,False
cattle_4451,cattle_4454,6,147.5,True
cattle_4451,cattle_6499,6,2.0,False
cattle_4454,cattle_6499,6,1.5,False
cattle_4613,cattle_5507,25,2.0,False
cattle_4613,cattle_5508,25,48.5,True
cattle_4613,cattle_5971,45,4.0,False
cattle_4678,cattle_4680,19,4.0,False
cattle_4685,cattle_4770,4,0.5,False
cattle_4739,cattle_5425,26,2.0,False
cattle_4839,cattle_4840,16,1.5,False
cattle_4839,cattle_6210,10,0.5,False
cattle_4895,cattle_4995,6,0.0,False
cattle_4984,cattle_4985,11,3.0,False
cattle_5132,cattle_5133,12,0.0,False
cattle_5170,cattle_5171,20,2.0,False
cattle_5207,cattle_5208,4,2.5,False
cattle_5249,cattle_5297,18,1.5,False
cattle_5249,cattle_6295,4,2.0,False
cattle_5407,cattle_5408,18,1.0,False
cattle_5407,cattle_6011,32,30.5,True
cattle_5407,cattle_6012,19,1.0,False
cattle_5408,cattle_6011,18,1.0,False
cattle_5408,cattle_6012,18,12.5,True
cattle_5507,cattle_5508,25,0.5,False
cattle_5556,cattle_5803,4,0.5,False
cattle_5633,cattle_5634,13,2.0,False
cattle_5677,cattle_5806,12,1.5,False
cattle_5761,cattle_5762,7,0.0,False
cattle_5815,cattle_5816,9,0.0,False
cattle_6011,cattle_6012,19,1.0,False
cattle_6276,cattle_6278,13,4.0,False
cattle_6282,cattle_6283,5,0.0,False
cattle_6313,cattle_6331,16,1.0,False
cattle_6313,cattle_6333,34,2.5,False
cattle_6331,cattle_6333,32,1.0,False
cattle_8094,cattle_8095,8,1.5,False
cattle_9021,cattle_9029,10,0.5,False
cattle_9029,cattle_9798,14,4.0,False
cattle_9634,cattle_9635,8,0.5,False
cattle_9634,cattle_9801,10,0.0,False
cattle_9736,cattle_9742,18,2.0,False
cattle_9773,cattle_9798,10,1.0,False
